{"_type":"export","__export_format":4,"__export_date":"2022-04-04T08:53:23.195Z","__export_source":"insomnia.desktop.app:v2022.2.1","resources":[{"_id":"req_8526a387a0fe4e70857e735d6d13c334","parentId":"wrk_7837aaf8fa9444ed8d18fd9e78afa15c","modified":1647950784980,"created":1647662855366,"url":"{{ _.url }}/","name":"health check","description":"","method":"GET","body":{},"parameters":[],"headers":[],"authentication":{},"metaSortKey":-1647950782126,"isPrivate":false,"settingStoreCookies":true,"settingSendCookies":true,"settingDisableRenderRequestBody":false,"settingEncodeUrl":true,"settingRebuildPath":true,"settingFollowRedirects":"global","_type":"request"},{"_id":"wrk_7837aaf8fa9444ed8d18fd9e78afa15c","parentId":null,"modified":1647662828202,"created":1647662828202,"name":"mindset-tkc-api","description":"","scope":"collection","_type":"workspace"},{"_id":"req_405f7c413a7a44c9a904ec87290602ee","parentId":"fld_9d945df690f54af0ab55f506c365012c","modified":1647954902288,"created":1647950836748,"url":"{{ _.url }}/categories","name":"index","description":"","method":"GET","body":{},"parameters":[],"headers":[],"authentication":{},"metaSortKey":-1647950836748,"isPrivate":false,"settingStoreCookies":true,"settingSendCookies":true,"settingDisableRenderRequestBody":false,"settingEncodeUrl":true,"settingRebuildPath":true,"settingFollowRedirects":"global","_type":"request"},{"_id":"fld_9d945df690f54af0ab55f506c365012c","parentId":"wrk_7837aaf8fa9444ed8d18fd9e78afa15c","modified":1647950782076,"created":1647950782076,"name":"category","description":"","environment":{},"environmentPropertyOrder":null,"metaSortKey":-1647950782076,"_type":"request_group"},{"_id":"req_26b3d320d18e4a0f83d8080b60d95597","parentId":"fld_9d945df690f54af0ab55f506c365012c","modified":1648368722885,"created":1647950871659,"url":"{{ _.url }}/categories/b397ebf2-10d4-4c7c-a538-e1ab4306b433","name":"show","description":"","method":"GET","body":{},"parameters":[],"headers":[],"authentication":{},"metaSortKey":-1647950829836.5,"isPrivate":false,"settingStoreCookies":true,"settingSendCookies":true,"settingDisableRenderRequestBody":false,"settingEncodeUrl":true,"settingRebuildPath":true,"settingFollowRedirects":"global","_type":"request"},{"_id":"req_f8595e5e15e94016af4a8c9f50c0f3c1","parentId":"fld_9d945df690f54af0ab55f506c365012c","modified":1648366046083,"created":1647950807261,"url":"{{ _.url }}/categories","name":"store","description":"","method":"POST","body":{"mimeType":"application/json","text":"{\n\t\"name\": \"Impulsores\",\n\t\"description\": \"Questionário Impulsores\",\n\t\"order\": 1\n}"},"parameters":[],"headers":[{"name":"Content-Type","value":"application/json","id":"pair_2422b3767f0a4a5ab5cf307d534148d1"}],"authentication":{},"metaSortKey":-1647950822925,"isPrivate":false,"settingStoreCookies":true,"settingSendCookies":true,"settingDisableRenderRequestBody":false,"settingEncodeUrl":true,"settingRebuildPath":true,"settingFollowRedirects":"global","_type":"request"},{"_id":"req_2103c0c4424d4f33a0545ca10b779189","parentId":"fld_9d945df690f54af0ab55f506c365012c","modified":1648259550025,"created":1647950822875,"url":"{{ _.url }}/categories/0711dc3e-a9b3-465d-8423-417080cb0199","name":"update","description":"","method":"PUT","body":{"mimeType":"application/json","text":"{\n\t\"name\": \"Questionário Impulsores\",\n\t\"description\": \"Questionário Impulsores\",\n\t\"order\": 4\n}"},"parameters":[],"headers":[{"name":"Content-Type","value":"application/json","id":"pair_2fef470419ad4ff7b75a88042286cda8"}],"authentication":{},"metaSortKey":-1647950822875,"isPrivate":false,"settingStoreCookies":true,"settingSendCookies":true,"settingDisableRenderRequestBody":false,"settingEncodeUrl":true,"settingRebuildPath":true,"settingFollowRedirects":"global","_type":"request"},{"_id":"req_74deed39172c40a6ae2f21fe13375f2b","parentId":"fld_9d945df690f54af0ab55f506c365012c","modified":1647955430244,"created":1647950862156,"url":"{{ _.url }}/categories/5b96edf9-2cc4-438a-bd16-b17095830e58","name":"destroy","description":"","method":"DELETE","body":{},"parameters":[],"headers":[],"authentication":{},"metaSortKey":-1647950822825,"isPrivate":false,"settingStoreCookies":true,"settingSendCookies":true,"settingDisableRenderRequestBody":false,"settingEncodeUrl":true,"settingRebuildPath":true,"settingFollowRedirects":"global","_type":"request"},{"_id":"req_37d6514668934e83856a3e22256a72ad","parentId":"fld_0396d01460f249208a3a8ce433db73d1","modified":1648368734967,"created":1648295457942,"url":"{{ _.url }}/questions/ac3f2b90-e09e-4f9a-923f-977f67d81c1b","name":"show","description":"","method":"GET","body":{},"parameters":[],"headers":[],"authentication":{},"metaSortKey":-1648260914004.5,"isPrivate":false,"settingStoreCookies":true,"settingSendCookies":true,"settingDisableRenderRequestBody":false,"settingEncodeUrl":true,"settingRebuildPath":true,"settingFollowRedirects":"global","_type":"request"},{"_id":"fld_0396d01460f249208a3a8ce433db73d1","parentId":"wrk_7837aaf8fa9444ed8d18fd9e78afa15c","modified":1648260889001,"created":1648260887213,"name":"question","description":"","environment":{},"environmentPropertyOrder":null,"metaSortKey":-1647840651336.5,"_type":"request_group"},{"_id":"req_16c6a16c2d234062a45a4af162fb0a15","parentId":"fld_0396d01460f249208a3a8ce433db73d1","modified":1648368732078,"created":1648260900240,"url":" {{ _.url }}/questions","name":"store","description":"","method":"POST","body":{"mimeType":"application/json","text":"{\n\t\"category_id\": \"a82b560e-e5ec-4016-af9b-2d5f277f38ab\",\n\t\"sentence\": \"Cada vez que faço algo, exijo de mim a maior perfeição ainda a que atividade demore mais.\",\n\t\"type\": \"common\",\n\t\"order\": 1\n}"},"parameters":[],"headers":[{"name":"Content-Type","value":"application/json","id":"pair_8c976eb4cdc2468087c2bdbd64f9e62f"}],"authentication":{},"metaSortKey":-1648260913954.5,"isPrivate":false,"settingStoreCookies":true,"settingSendCookies":true,"settingDisableRenderRequestBody":false,"settingEncodeUrl":true,"settingRebuildPath":true,"settingFollowRedirects":"global","_type":"request"},{"_id":"req_f0e3f27f79bc47da880edccceb617fc5","parentId":"fld_0396d01460f249208a3a8ce433db73d1","modified":1648295804918,"created":1648260909215,"url":"{{ _.url }}/questions/88d296ee-7f3c-44aa-bb2b-b809dab23107","name":"update","description":"","method":"PUT","body":{"mimeType":"application/json","text":"{\n\t\"category_id\": \"982b122a-934c-41d4-afa3-1623bb4e57ff\",\n\t\"sentence\": \"Cada vez que faço algo, exijo de mim a maior perfeição ainda a que atividade demore mais.\",\n\t\"order\": 2\n}"},"parameters":[],"headers":[{"name":"Content-Type","value":"application/json","id":"pair_dd0d4b2e6fc0483fa5c69665cecfcb98"}],"authentication":{},"metaSortKey":-1648260909215,"isPrivate":false,"settingStoreCookies":true,"settingSendCookies":true,"settingDisableRenderRequestBody":false,"settingEncodeUrl":true,"settingRebuildPath":true,"settingFollowRedirects":"global","_type":"request"},{"_id":"req_60956a7db847418688153a1c42485d89","parentId":"fld_0396d01460f249208a3a8ce433db73d1","modified":1648261240725,"created":1648260918694,"url":"{{ _.url }}/questions/88d296ee-7f3c-44aa-bb2b-b809dab23107","name":"destroy","description":"","method":"DELETE","body":{},"parameters":[],"headers":[],"authentication":{},"metaSortKey":-1648260909165,"isPrivate":false,"settingStoreCookies":true,"settingSendCookies":true,"settingDisableRenderRequestBody":false,"settingEncodeUrl":true,"settingRebuildPath":true,"settingFollowRedirects":"global","_type":"request"},{"_id":"req_cf96b636aaed4e09961dd0becc4d4e46","parentId":"fld_085dcf6d27d845ef8a08f6b6729bd4d4","modified":1648368730119,"created":1648294952008,"url":" {{ _.url }}/choices","name":"store","description":"","method":"POST","body":{"mimeType":"application/json","text":"{\n\t\"question_id\": \"58f31e6a-2baf-48a8-89e7-59fa42523a11\",\n\t\"sentence\": \"Cada vez que faço algo, exijo de mim a maior perfeição ainda a que atividade demore mais.\",\n\t\"value\": 1,\n\t\"order\": 1\n}"},"parameters":[],"headers":[{"name":"Content-Type","value":"application/json","id":"pair_8c976eb4cdc2468087c2bdbd64f9e62f"}],"authentication":{},"metaSortKey":-1648260913954.5,"isPrivate":false,"settingStoreCookies":true,"settingSendCookies":true,"settingDisableRenderRequestBody":false,"settingEncodeUrl":true,"settingRebuildPath":true,"settingFollowRedirects":"global","_type":"request"},{"_id":"fld_085dcf6d27d845ef8a08f6b6729bd4d4","parentId":"wrk_7837aaf8fa9444ed8d18fd9e78afa15c","modified":1648294951992,"created":1648294951992,"name":"choice","description":"","environment":{},"environmentPropertyOrder":null,"metaSortKey":-1647785585966.75,"_type":"request_group"},{"_id":"req_3114b7433cf8483eba0ea6a5569a1692","parentId":"fld_085dcf6d27d845ef8a08f6b6729bd4d4","modified":1648295144323,"created":1648294952018,"url":"{{ _.url }}/choices/f3e8ff92-03aa-4951-a562-4e262937c062","name":"update","description":"","method":"PUT","body":{"mimeType":"application/json","text":"{\n\t\"question_id\": \"9768f387-a9ff-46e6-a9c8-f3f857ef1092\",\n\t\"sentence\": \"Cada vez que faço algo, exijo de mim a maior perfeição ainda a que atividade demore mais.\",\n\t\"value\": 1,\n\t\"order\": 1\n}"},"parameters":[],"headers":[{"name":"Content-Type","value":"application/json","id":"pair_dd0d4b2e6fc0483fa5c69665cecfcb98"}],"authentication":{},"metaSortKey":-1648260909215,"isPrivate":false,"settingStoreCookies":true,"settingSendCookies":true,"settingDisableRenderRequestBody":false,"settingEncodeUrl":true,"settingRebuildPath":true,"settingFollowRedirects":"global","_type":"request"},{"_id":"req_f4efe04c96a4479e86180758444f0be3","parentId":"fld_085dcf6d27d845ef8a08f6b6729bd4d4","modified":1648295142176,"created":1648294952023,"url":"{{ _.url }}/choices/f3e8ff92-03aa-4951-a562-4e262937c062","name":"destroy","description":"","method":"DELETE","body":{},"parameters":[],"headers":[],"authentication":{},"metaSortKey":-1648260909165,"isPrivate":false,"settingStoreCookies":true,"settingSendCookies":true,"settingDisableRenderRequestBody":false,"settingEncodeUrl":true,"settingRebuildPath":true,"settingFollowRedirects":"global","_type":"request"},{"_id":"req_96f2b5b1a3134a1d9d951377ee2c71c9","parentId":"fld_a41ddf90b4eb4bfe8bf0a3afdac2d45a","modified":1648300501460,"created":1648299914160,"url":" {{ _.url }}/answers","name":"store","description":"","method":"POST","body":{"mimeType":"application/json","text":"{\n\t\"user_id\": \"c398e5e0-a3e6-419b-9b65-d9a8c9021489\",\n\t\"choice_id\": \"b73c4db5-3c39-4019-9ac2-9b9e42619459\"\n}"},"parameters":[],"headers":[{"name":"Content-Type","value":"application/json","id":"pair_8c976eb4cdc2468087c2bdbd64f9e62f"}],"authentication":{},"metaSortKey":-1648260913954.5,"isPrivate":false,"settingStoreCookies":true,"settingSendCookies":true,"settingDisableRenderRequestBody":false,"settingEncodeUrl":true,"settingRebuildPath":true,"settingFollowRedirects":"global","_type":"request"},{"_id":"fld_a41ddf90b4eb4bfe8bf0a3afdac2d45a","parentId":"wrk_7837aaf8fa9444ed8d18fd9e78afa15c","modified":1648299914157,"created":1648299914157,"name":"answer","description":"","environment":{},"environmentPropertyOrder":null,"metaSortKey":-1647758053281.875,"_type":"request_group"},{"_id":"req_058092d4ae4f43f6aa2797e6a0c234d9","parentId":"fld_a41ddf90b4eb4bfe8bf0a3afdac2d45a","modified":1649061554571,"created":1648299914162,"url":"{{ _.url }}/answers","name":"update","description":"","method":"DELETE","body":{"mimeType":"application/json","text":"{\n\t\"user_id\": \"c398e5e0-a3e6-419b-9b65-d9a8c9021489\",\n\t\"choice_id\": \"b73c4db5-3c39-4019-9ac2-9b9e42619459\"\n}"},"parameters":[],"headers":[{"name":"Content-Type","value":"application/json","id":"pair_dd0d4b2e6fc0483fa5c69665cecfcb98"}],"authentication":{},"metaSortKey":-1648260909215,"isPrivate":false,"settingStoreCookies":true,"settingSendCookies":true,"settingDisableRenderRequestBody":false,"settingEncodeUrl":true,"settingRebuildPath":true,"settingFollowRedirects":"global","_type":"request"},{"_id":"req_eb48ed0b186e4cc9a655628307eef6fb","parentId":"fld_ac17b275c7f9408a965709dd82fc36a3","modified":1649061729017,"created":1649061538085,"url":"{{ _.url }}/replies","name":"store","description":"","method":"POST","body":{"mimeType":"application/json","text":"{\n\t\"user_id\": \"aec9f139-6da8-4df9-90c3-04d327e49c06\",\n\t\"reply_id\": \"aec9f139-6da8-4df9-90c3-04d327e49c06\",\n\t\"value\": \"1\"\n}"},"parameters":[],"headers":[{"name":"Content-Type","value":"application/json","id":"pair_26b56301a05b4d028b21c69217894de7"}],"authentication":{},"metaSortKey":-1649061538085,"isPrivate":false,"settingStoreCookies":true,"settingSendCookies":true,"settingDisableRenderRequestBody":false,"settingEncodeUrl":true,"settingRebuildPath":true,"settingFollowRedirects":"global","_type":"request"},{"_id":"fld_ac17b275c7f9408a965709dd82fc36a3","parentId":"wrk_7837aaf8fa9444ed8d18fd9e78afa15c","modified":1649061525227,"created":1649061523083,"name":"reply","description":"","environment":{},"environmentPropertyOrder":null,"metaSortKey":-1647744286939.4375,"_type":"request_group"},{"_id":"req_cd8e23b4c7ce4b578c46b121fc7d1edc","parentId":"fld_ac17b275c7f9408a965709dd82fc36a3","modified":1649061720849,"created":1649061549072,"url":"{{ _.url }}/replies/2a7d415a-e4f5-47c3-8a26-e3a56726ce03","name":"update","description":"","method":"PUT","body":{"mimeType":"application/json","text":"{\n\t\"user_id\": \"aec9f139-6da8-4df9-90c3-04d327e49c06\",\n\t\"reply_id\": \"2a7d415a-e4f5-47c3-8a26-e3a56726ce03\",\n\t\"value\": \"2\"\n}"},"parameters":[],"headers":[{"name":"Content-Type","value":"application/json","id":"pair_d2abf388aae64d1bbec2c43c0024cda5"}],"authentication":{},"metaSortKey":-1649061538035,"isPrivate":false,"settingStoreCookies":true,"settingSendCookies":true,"settingDisableRenderRequestBody":false,"settingEncodeUrl":true,"settingRebuildPath":true,"settingFollowRedirects":"global","_type":"request"},{"_id":"req_8fa7164ab0d6402fac606d728432e99c","parentId":"fld_21227c94f0fe4276ab5be1bca2dba888","modified":1647934212412,"created":1647933024863,"url":"{{ _.url }}/tokens","name":"index","description":"","method":"GET","body":{},"parameters":[{"id":"pair_1287725ac68b4f2e95bf48f6c00a7f2b","name":"page","value":"1","description":""},{"id":"pair_980a322b033c4371924d41b7dc50a18c","name":"perPage","value":"5","description":""},{"id":"pair_ff249d3a2e954e64aaf539bca4e0d6b8","name":"closer","value":"revoked","description":"","disabled":true},{"id":"pair_9dbe709b177f4b019fe150e2b94c34e4","name":"closer","value":"lifetime","description":"","disabled":true},{"id":"pair_69ca7c2f867f48eeba1a37e5d7d86c74","name":"","value":"","description":""}],"headers":[],"authentication":{},"metaSortKey":-1647933024864,"isPrivate":false,"settingStoreCookies":true,"settingSendCookies":true,"settingDisableRenderRequestBody":false,"settingEncodeUrl":true,"settingRebuildPath":true,"settingFollowRedirects":"global","_type":"request"},{"_id":"fld_21227c94f0fe4276ab5be1bca2dba888","parentId":"wrk_7837aaf8fa9444ed8d18fd9e78afa15c","modified":1647730520597,"created":1647730520597,"name":"token","description":"","environment":{},"environmentPropertyOrder":null,"metaSortKey":-1647730520597,"_type":"request_group"},{"_id":"req_68473dc8a95f4994b3675ebf0f11d290","parentId":"fld_21227c94f0fe4276ab5be1bca2dba888","modified":1649061660704,"created":1647730525244,"url":"{{ _.url }}/tokens","name":"store","description":"","method":"POST","body":{"mimeType":"application/json","text":"{\n\t\"name\": \"Promo Code\",\n\t\"code\": \"72A8D912\",\n\t\"is_lifetime\": false,\n\t\"expired_at\": \"{% randomdate 'custom', 'future', '', 365 %}\"\n}"},"parameters":[{"id":"pair_840bc6cab22c434bb6a79b851ca6019f","name":"","value":"","description":""}],"headers":[{"name":"Content-Type","value":"application/json","id":"pair_7cadc6649d554178b8745f36766bfff3"}],"authentication":{},"metaSortKey":-1647730525244,"isPrivate":false,"settingStoreCookies":true,"settingSendCookies":true,"settingDisableRenderRequestBody":false,"settingEncodeUrl":true,"settingRebuildPath":true,"settingFollowRedirects":"global","_type":"request"},{"_id":"req_4864f9fbd951426c911a2045748a740e","parentId":"fld_21227c94f0fe4276ab5be1bca2dba888","modified":1649061653835,"created":1647757971384,"url":"{{ _.url }}/tokens/generate","name":"generate","description":"","method":"GET","body":{},"parameters":[{"id":"pair_6bcba22892574b19b1d7e082fd6227a0","name":"size","value":"4","description":""},{"id":"pair_f548297e33554906a36d89d52ed98778","name":"amount","value":"100","description":""}],"headers":[],"authentication":{},"metaSortKey":-1647730525194,"isPrivate":false,"settingStoreCookies":true,"settingSendCookies":true,"settingDisableRenderRequestBody":false,"settingEncodeUrl":true,"settingRebuildPath":true,"settingFollowRedirects":"global","_type":"request"},{"_id":"req_5745dbe729d04314813fe163ce783280","parentId":"fld_21227c94f0fe4276ab5be1bca2dba888","modified":1648000477481,"created":1647929292397,"url":"{{ _.url }}/tokens/validate/ED460535E1F871F2C811","name":"validate","description":"","method":"GET","body":{},"parameters":[],"headers":[],"authentication":{},"metaSortKey":-1647701782821.5,"isPrivate":false,"settingStoreCookies":true,"settingSendCookies":true,"settingDisableRenderRequestBody":false,"settingEncodeUrl":true,"settingRebuildPath":true,"settingFollowRedirects":"global","_type":"request"},{"_id":"req_01ec6d0300684de887d78c3241fbc186","parentId":"fld_873ccee59ace47238123b6e7f6d8f4df","modified":1649061667723,"created":1647673040449,"url":"{{ _.url }}/users","name":"store","description":"","method":"POST","body":{"mimeType":"application/json","text":"{\n\t\"name\": \"Gabriel Maia\",\n\t\"email\": \"gabriel.maia@yazo.com.br\",\n\t\"code\": \"72A8D912\"\n}"},"parameters":[],"headers":[{"name":"Content-Type","value":"application/json","id":"pair_31c19cf7bc7c475bbf6eeba2b14332e7"}],"authentication":{},"metaSortKey":-1647673040449,"isPrivate":false,"settingStoreCookies":true,"settingSendCookies":true,"settingDisableRenderRequestBody":false,"settingEncodeUrl":true,"settingRebuildPath":true,"settingFollowRedirects":"global","_type":"request"},{"_id":"fld_873ccee59ace47238123b6e7f6d8f4df","parentId":"wrk_7837aaf8fa9444ed8d18fd9e78afa15c","modified":1647673029631,"created":1647673029631,"name":"user","description":"","environment":{},"environmentPropertyOrder":null,"metaSortKey":-1647673029631,"_type":"request_group"},{"_id":"env_72f86ffb0cee3cdd48c7fe9d707994403f7f16c6","parentId":"wrk_7837aaf8fa9444ed8d18fd9e78afa15c","modified":1648204250922,"created":1647662828206,"name":"Base Environment","data":{"url":"http://0.0.0.0:3333"},"dataPropertyOrder":{"&":["url"]},"color":null,"isPrivate":false,"metaSortKey":1647662828206,"_type":"environment"},{"_id":"jar_72f86ffb0cee3cdd48c7fe9d707994403f7f16c6","parentId":"wrk_7837aaf8fa9444ed8d18fd9e78afa15c","modified":1647662828207,"created":1647662828207,"name":"Default Jar","cookies":[],"_type":"cookie_jar"},{"_id":"spc_e9238e02d3484af8b65889c60c89df09","parentId":"wrk_7837aaf8fa9444ed8d18fd9e78afa15c","modified":1647662828203,"created":1647662828203,"fileName":"mindset-tkc-api","contents":"","contentType":"yaml","_type":"api_spec"},{"_id":"env_4edb6d9527f24e219dae5ada0e3aecc7","parentId":"env_72f86ffb0cee3cdd48c7fe9d707994403f7f16c6","modified":1648204278674,"created":1648204247619,"name":"development","data":{"url":"http://0.0.0.0:3333"},"dataPropertyOrder":{"&":["url"]},"color":"#fbf30e","isPrivate":false,"metaSortKey":1648204247619,"_type":"environment"}]}