{"_type":"export","__export_format":4,"__export_date":"2022-06-28T23:39:30.488Z","__export_source":"insomnia.desktop.app:v2022.4.2","resources":[{"_id":"req_8526a387a0fe4e70857e735d6d13c334","parentId":"wrk_7837aaf8fa9444ed8d18fd9e78afa15c","modified":1656362860088,"created":1647662855366,"url":"{{ _.url }}/","name":"health check","description":"","method":"GET","body":{},"parameters":[],"headers":[],"authentication":{},"metaSortKey":-1647950782126,"isPrivate":false,"settingStoreCookies":true,"settingSendCookies":true,"settingDisableRenderRequestBody":false,"settingEncodeUrl":true,"settingRebuildPath":true,"settingFollowRedirects":"global","_type":"request"},{"_id":"wrk_7837aaf8fa9444ed8d18fd9e78afa15c","parentId":null,"modified":1647662828202,"created":1647662828202,"name":"mindset-tkc-api","description":"","scope":"collection","_type":"workspace"},{"_id":"req_405f7c413a7a44c9a904ec87290602ee","parentId":"fld_9d945df690f54af0ab55f506c365012c","modified":1655363294716,"created":1647950836748,"url":"{{ _.url }}/categories","name":"list","description":"","method":"GET","body":{},"parameters":[],"headers":[],"authentication":{},"metaSortKey":-1647950836748,"isPrivate":false,"settingStoreCookies":true,"settingSendCookies":true,"settingDisableRenderRequestBody":false,"settingEncodeUrl":true,"settingRebuildPath":true,"settingFollowRedirects":"global","_type":"request"},{"_id":"fld_9d945df690f54af0ab55f506c365012c","parentId":"wrk_7837aaf8fa9444ed8d18fd9e78afa15c","modified":1647950782076,"created":1647950782076,"name":"category","description":"","environment":{},"environmentPropertyOrder":null,"metaSortKey":-1647950782076,"_type":"request_group"},{"_id":"req_26b3d320d18e4a0f83d8080b60d95597","parentId":"fld_9d945df690f54af0ab55f506c365012c","modified":1655370839527,"created":1647950871659,"url":"{{ _.url }}/categories/7a27dc5d-4f17-436d-989f-ea4a62c7a78f","name":"get","description":"","method":"GET","body":{},"parameters":[],"headers":[],"authentication":{},"metaSortKey":-1647950829836.5,"isPrivate":false,"settingStoreCookies":true,"settingSendCookies":true,"settingDisableRenderRequestBody":false,"settingEncodeUrl":true,"settingRebuildPath":true,"settingFollowRedirects":"global","_type":"request"},{"_id":"req_f8595e5e15e94016af4a8c9f50c0f3c1","parentId":"fld_9d945df690f54af0ab55f506c365012c","modified":1656270653847,"created":1647950807261,"url":"{{ _.url }}/categories","name":"store","description":"","method":"POST","body":{"mimeType":"application/json","text":"{\n\t\"name\": \"Impulsores\",\n\t\"description\": \"Questionário Impulsores\",\n\t\"order\": 1\n}"},"parameters":[],"headers":[{"name":"Content-Type","value":"application/json","id":"pair_2422b3767f0a4a5ab5cf307d534148d1"}],"authentication":{},"metaSortKey":-1647950822925,"isPrivate":false,"settingStoreCookies":true,"settingSendCookies":true,"settingDisableRenderRequestBody":false,"settingEncodeUrl":true,"settingRebuildPath":true,"settingFollowRedirects":"global","_type":"request"},{"_id":"req_2103c0c4424d4f33a0545ca10b779189","parentId":"fld_9d945df690f54af0ab55f506c365012c","modified":1655363306152,"created":1647950822875,"url":"{{ _.url }}/categories/0711dc3e-a9b3-465d-8423-417080cb0199","name":"edit","description":"","method":"PUT","body":{"mimeType":"application/json","text":"{\n\t\"name\": \"Questionário Impulsores\",\n\t\"description\": \"Questionário Impulsores\",\n\t\"order\": 4\n}"},"parameters":[],"headers":[{"name":"Content-Type","value":"application/json","id":"pair_2fef470419ad4ff7b75a88042286cda8"}],"authentication":{},"metaSortKey":-1647950822875,"isPrivate":false,"settingStoreCookies":true,"settingSendCookies":true,"settingDisableRenderRequestBody":false,"settingEncodeUrl":true,"settingRebuildPath":true,"settingFollowRedirects":"global","_type":"request"},{"_id":"req_74deed39172c40a6ae2f21fe13375f2b","parentId":"fld_9d945df690f54af0ab55f506c365012c","modified":1655363311646,"created":1647950862156,"url":"{{ _.url }}/categories/5b96edf9-2cc4-438a-bd16-b17095830e58","name":"delete","description":"","method":"DELETE","body":{},"parameters":[],"headers":[],"authentication":{},"metaSortKey":-1647950822825,"isPrivate":false,"settingStoreCookies":true,"settingSendCookies":true,"settingDisableRenderRequestBody":false,"settingEncodeUrl":true,"settingRebuildPath":true,"settingFollowRedirects":"global","_type":"request"},{"_id":"req_b52771cb3b674708b14f968189785c11","parentId":"fld_0396d01460f249208a3a8ce433db73d1","modified":1656457765833,"created":1655370384808,"url":"{{ _.url }}/questions/assertividade","name":"list","description":"","method":"GET","body":{},"parameters":[],"headers":[],"authentication":{},"metaSortKey":-1648260914054.5,"isPrivate":false,"settingStoreCookies":true,"settingSendCookies":true,"settingDisableRenderRequestBody":false,"settingEncodeUrl":true,"settingRebuildPath":true,"settingFollowRedirects":"global","_type":"request"},{"_id":"fld_0396d01460f249208a3a8ce433db73d1","parentId":"wrk_7837aaf8fa9444ed8d18fd9e78afa15c","modified":1648260889001,"created":1648260887213,"name":"question","description":"","environment":{},"environmentPropertyOrder":null,"metaSortKey":-1647840651336.5,"_type":"request_group"},{"_id":"req_37d6514668934e83856a3e22256a72ad","parentId":"fld_0396d01460f249208a3a8ce433db73d1","modified":1655367574192,"created":1648295457942,"url":"{{ _.url }}/questions/30f6b917-90cf-43cb-b197-4064632195fe","name":"get","description":"","method":"GET","body":{},"parameters":[],"headers":[],"authentication":{},"metaSortKey":-1648260914004.5,"isPrivate":false,"settingStoreCookies":true,"settingSendCookies":true,"settingDisableRenderRequestBody":false,"settingEncodeUrl":true,"settingRebuildPath":true,"settingFollowRedirects":"global","_type":"request"},{"_id":"req_16c6a16c2d234062a45a4af162fb0a15","parentId":"fld_0396d01460f249208a3a8ce433db73d1","modified":1656457906428,"created":1648260900240,"url":" {{ _.url }}/questions","name":"store","description":"","method":"POST","body":{"mimeType":"application/json","text":"{\n\t\"category_id\": \"a82b560e-e5ec-4016-af9b-2d5f277f38ab\",\n\t\"sentence\": \"Cada vez que faço algo, exijo de mim a maior perfeição ainda a que atividade demore mais.\",\n\t\"type\": \"common\",\n\t\"order\": 1\n}"},"parameters":[],"headers":[{"name":"Content-Type","value":"application/json","id":"pair_8c976eb4cdc2468087c2bdbd64f9e62f"}],"authentication":{},"metaSortKey":-1648260913954.5,"isPrivate":false,"settingStoreCookies":true,"settingSendCookies":true,"settingDisableRenderRequestBody":false,"settingEncodeUrl":true,"settingRebuildPath":true,"settingFollowRedirects":"global","_type":"request"},{"_id":"req_f0e3f27f79bc47da880edccceb617fc5","parentId":"fld_0396d01460f249208a3a8ce433db73d1","modified":1656452949137,"created":1648260909215,"url":"{{ _.url }}/questions/88d296ee-7f3c-44aa-bb2b-b809dab23107","name":"edit","description":"","method":"PUT","body":{"mimeType":"application/json","text":"{\n\t\"category_id\": \"982b122a-934c-41d4-afa3-1623bb4e57ff\",\n\t\"sentence\": \"Cada vez que faço algo, exijo de mim a maior perfeição ainda a que atividade demore mais.\",\n\t\"order\": 2\n}"},"parameters":[],"headers":[{"name":"Content-Type","value":"application/json","id":"pair_dd0d4b2e6fc0483fa5c69665cecfcb98"}],"authentication":{},"metaSortKey":-1648260909215,"isPrivate":false,"settingStoreCookies":true,"settingSendCookies":true,"settingDisableRenderRequestBody":false,"settingEncodeUrl":true,"settingRebuildPath":true,"settingFollowRedirects":"global","_type":"request"},{"_id":"req_60956a7db847418688153a1c42485d89","parentId":"fld_0396d01460f249208a3a8ce433db73d1","modified":1648261240725,"created":1648260918694,"url":"{{ _.url }}/questions/88d296ee-7f3c-44aa-bb2b-b809dab23107","name":"destroy","description":"","method":"DELETE","body":{},"parameters":[],"headers":[],"authentication":{},"metaSortKey":-1648260909165,"isPrivate":false,"settingStoreCookies":true,"settingSendCookies":true,"settingDisableRenderRequestBody":false,"settingEncodeUrl":true,"settingRebuildPath":true,"settingFollowRedirects":"global","_type":"request"},{"_id":"req_cf96b636aaed4e09961dd0becc4d4e46","parentId":"fld_085dcf6d27d845ef8a08f6b6729bd4d4","modified":1655638698281,"created":1648294952008,"url":" {{ _.url }}/choices","name":"store","description":"","method":"POST","body":{"mimeType":"application/json","text":"{\n\t\"question_id\": \"58f31e6a-2baf-48a8-89e7-59fa42523a11\",\n\t\"sentence\": \"Cada vez que faço algo, exijo de mim a maior perfeição ainda a que atividade demore mais.\",\n\t\"value\": 1,\n\t\"order\": 1\n}"},"parameters":[],"headers":[{"name":"Content-Type","value":"application/json","id":"pair_8c976eb4cdc2468087c2bdbd64f9e62f"}],"authentication":{},"metaSortKey":-1648260913954.5,"isPrivate":false,"settingStoreCookies":true,"settingSendCookies":true,"settingDisableRenderRequestBody":false,"settingEncodeUrl":true,"settingRebuildPath":true,"settingFollowRedirects":"global","_type":"request"},{"_id":"fld_085dcf6d27d845ef8a08f6b6729bd4d4","parentId":"wrk_7837aaf8fa9444ed8d18fd9e78afa15c","modified":1648294951992,"created":1648294951992,"name":"choice","description":"","environment":{},"environmentPropertyOrder":null,"metaSortKey":-1647785585966.75,"_type":"request_group"},{"_id":"req_3114b7433cf8483eba0ea6a5569a1692","parentId":"fld_085dcf6d27d845ef8a08f6b6729bd4d4","modified":1655367589429,"created":1648294952018,"url":"{{ _.url }}/choices/f3e8ff92-03aa-4951-a562-4e262937c062","name":"edit","description":"","method":"PUT","body":{"mimeType":"application/json","text":"{\n\t\"question_id\": \"9768f387-a9ff-46e6-a9c8-f3f857ef1092\",\n\t\"sentence\": \"Cada vez que faço algo, exijo de mim a maior perfeição ainda a que atividade demore mais.\",\n\t\"value\": 1,\n\t\"order\": 1\n}"},"parameters":[],"headers":[{"name":"Content-Type","value":"application/json","id":"pair_dd0d4b2e6fc0483fa5c69665cecfcb98"}],"authentication":{},"metaSortKey":-1648260909215,"isPrivate":false,"settingStoreCookies":true,"settingSendCookies":true,"settingDisableRenderRequestBody":false,"settingEncodeUrl":true,"settingRebuildPath":true,"settingFollowRedirects":"global","_type":"request"},{"_id":"req_f4efe04c96a4479e86180758444f0be3","parentId":"fld_085dcf6d27d845ef8a08f6b6729bd4d4","modified":1648295142176,"created":1648294952023,"url":"{{ _.url }}/choices/f3e8ff92-03aa-4951-a562-4e262937c062","name":"destroy","description":"","method":"DELETE","body":{},"parameters":[],"headers":[],"authentication":{},"metaSortKey":-1648260909165,"isPrivate":false,"settingStoreCookies":true,"settingSendCookies":true,"settingDisableRenderRequestBody":false,"settingEncodeUrl":true,"settingRebuildPath":true,"settingFollowRedirects":"global","_type":"request"},{"_id":"req_636f58912a80442099433a6ef406f1a9","parentId":"fld_a41ddf90b4eb4bfe8bf0a3afdac2d45a","modified":1656453141171,"created":1656285473444,"url":" {{ _.url }}/answers","name":"list","description":"","method":"GET","body":{},"parameters":[{"id":"pair_6c92137a11b44645bb277d9185f67445","name":"user_id","value":"2ad2ee4a-1379-4b09-8f7d-b35234611f69","description":""},{"id":"pair_47aaefd401d144fa8c0be3ed5ef358eb","name":"category","value":"assertividade","description":"","disabled":false}],"headers":[],"authentication":{},"metaSortKey":-1648260914004.5,"isPrivate":false,"settingStoreCookies":true,"settingSendCookies":true,"settingDisableRenderRequestBody":false,"settingEncodeUrl":true,"settingRebuildPath":true,"settingFollowRedirects":"global","_type":"request"},{"_id":"fld_a41ddf90b4eb4bfe8bf0a3afdac2d45a","parentId":"wrk_7837aaf8fa9444ed8d18fd9e78afa15c","modified":1648299914157,"created":1648299914157,"name":"answer","description":"","environment":{},"environmentPropertyOrder":null,"metaSortKey":-1647758053281.875,"_type":"request_group"},{"_id":"req_96f2b5b1a3134a1d9d951377ee2c71c9","parentId":"fld_a41ddf90b4eb4bfe8bf0a3afdac2d45a","modified":1656458339950,"created":1648299914160,"url":" {{ _.url }}/answers","name":"store","description":"","method":"POST","body":{"mimeType":"application/json","text":"{\n\t\"user_id\": \"2ad2ee4a-1379-4b09-8f7d-b35234611f69\",\n\t\"choices\": [\n\t\t{\n\t\t\t\"choice_id\": \"4c4fc922-a32a-435a-b73e-47b2d187b560\",\n\t\t\t\"question_id\": \"8a3d4dbc-1bd6-4d2e-87cc-69487366c32e\"\n\t\t},\n\t\t{\n\t\t\t\"choice_id\": \"b29e206b-b904-4255-bc83-8ea3526b1750\",\n\t\t\t\"question_id\": \"2c7c9129-bcdf-4369-952f-15fd1d066b6b\"\n\t\t},\n\t\t{\n\t\t\t\"choice_id\": \"29e9d811-6bad-4d33-8668-3fdd3f759300\",\n\t\t\t\"question_id\": \"5c5bd097-a7f2-4fdb-98f1-5fe09999323f\"\n\t\t},\n\t\t{\n\t\t\t\"choice_id\": \"8ce38e45-9719-4476-9453-f8b9cdb95160\",\n\t\t\t\"question_id\": \"4b0c6adb-4a8a-4cca-8c32-c8f94da869fb\"\n\t\t}\n\t]\n}"},"parameters":[],"headers":[{"name":"Content-Type","value":"application/json","id":"pair_8c976eb4cdc2468087c2bdbd64f9e62f"}],"authentication":{},"metaSortKey":-1648260913954.5,"isPrivate":false,"settingStoreCookies":true,"settingSendCookies":true,"settingDisableRenderRequestBody":false,"settingEncodeUrl":true,"settingRebuildPath":true,"settingFollowRedirects":"global","_type":"request"},{"_id":"req_058092d4ae4f43f6aa2797e6a0c234d9","parentId":"fld_a41ddf90b4eb4bfe8bf0a3afdac2d45a","modified":1656453083498,"created":1648299914162,"url":"{{ _.url }}/answers","name":"update","description":"","method":"PUT","body":{"mimeType":"application/json","text":"{\n\t\"user_id\": \"af19131f-4f45-46ec-9a01-e2145ef85a99\",\n\t\"choices\": [\n\t\t{\n\t\t\t\"question_id\": \"b1b87fa1-4b9f-4729-85a3-af527a1ae1c4\",\n\t\t\t\"choice_id\": \"36fca8be-47a7-4a97-ab6f-e9dfd87fb9bd\"\n\t\t},\n\t\t{\n\t\t\t\"question_id\": \"b1b87fa1-4b9f-4729-85a3-af527a1ae1c4\",\n\t\t\t\"choice_id\": \"75618522-59e1-4970-ae97-2b60962f5f03\"\n\t\t}\n\t]\n}"},"parameters":[],"headers":[{"name":"Content-Type","value":"application/json","id":"pair_dd0d4b2e6fc0483fa5c69665cecfcb98"}],"authentication":{},"metaSortKey":-1648260909215,"isPrivate":false,"settingStoreCookies":true,"settingSendCookies":true,"settingDisableRenderRequestBody":false,"settingEncodeUrl":true,"settingRebuildPath":true,"settingFollowRedirects":"global","_type":"request"},{"_id":"req_eb48ed0b186e4cc9a655628307eef6fb","parentId":"fld_ac17b275c7f9408a965709dd82fc36a3","modified":1655638296283,"created":1649061538085,"url":"{{ _.url }}/replies","name":"store","description":"","method":"POST","body":{"mimeType":"application/json","text":"{\n\t\"user_id\": \"600c92ff-3cb0-4b5c-a160-7eb0598c4c22\",\n\t\"replies\": [\n\t\t{\n\t\t\t\"choice\": \"aec9f139-6da8-4df9-90c3-04d327e49c06\",\n\t\t\t\"value\": 1\n\t\t},\n\t\t{\n\t\t\t\"choice\": \"aec9f139-6da8-4df9-90c3-04d327e49c06\",\n\t\t\t\"value\": 2\n\t\t}\n\t]\n}"},"parameters":[],"headers":[{"name":"Content-Type","value":"application/json","id":"pair_26b56301a05b4d028b21c69217894de7"}],"authentication":{},"metaSortKey":-1649061538085,"isPrivate":false,"settingStoreCookies":true,"settingSendCookies":true,"settingDisableRenderRequestBody":false,"settingEncodeUrl":true,"settingRebuildPath":true,"settingFollowRedirects":"global","_type":"request"},{"_id":"fld_ac17b275c7f9408a965709dd82fc36a3","parentId":"wrk_7837aaf8fa9444ed8d18fd9e78afa15c","modified":1649061525227,"created":1649061523083,"name":"reply","description":"","environment":{},"environmentPropertyOrder":null,"metaSortKey":-1647744286939.4375,"_type":"request_group"},{"_id":"req_cd8e23b4c7ce4b578c46b121fc7d1edc","parentId":"fld_ac17b275c7f9408a965709dd82fc36a3","modified":1655369480393,"created":1649061549072,"url":"{{ _.url }}/replies","name":"edit","description":"","method":"PUT","body":{"mimeType":"application/json","text":"{\n\t\"user_id\": \"600c92ff-3cb0-4b5c-a160-7eb0598c4c22\",\n\t\"replies\": [\n\t\t{\n\t\t\t\"choice\": \"aec9f139-6da8-4df9-90c3-04d327e49c06\",\n\t\t\t\"value\": 1\n\t\t},\n\t\t{\n\t\t\t\"choice\": \"aec9f139-6da8-4df9-90c3-04d327e49c06\",\n\t\t\t\"value\": 2\n\t\t}\n\t]\n}"},"parameters":[],"headers":[{"name":"Content-Type","value":"application/json","id":"pair_d2abf388aae64d1bbec2c43c0024cda5"}],"authentication":{},"metaSortKey":-1649061538035,"isPrivate":false,"settingStoreCookies":true,"settingSendCookies":true,"settingDisableRenderRequestBody":false,"settingEncodeUrl":true,"settingRebuildPath":true,"settingFollowRedirects":"global","_type":"request"},{"_id":"req_8fa7164ab0d6402fac606d728432e99c","parentId":"fld_21227c94f0fe4276ab5be1bca2dba888","modified":1656272729021,"created":1647933024863,"url":"{{ _.url }}/tokens","name":"list","description":"","method":"GET","body":{},"parameters":[{"id":"pair_1287725ac68b4f2e95bf48f6c00a7f2b","name":"page","value":"1","description":""},{"id":"pair_980a322b033c4371924d41b7dc50a18c","name":"perPage","value":"5","description":""},{"id":"pair_ff249d3a2e954e64aaf539bca4e0d6b8","name":"closer","value":"revoked","description":"","disabled":true},{"id":"pair_9dbe709b177f4b019fe150e2b94c34e4","name":"closer","value":"lifetime","description":"","disabled":true},{"id":"pair_69ca7c2f867f48eeba1a37e5d7d86c74","name":"","value":"","description":""}],"headers":[],"authentication":{},"metaSortKey":-1647933024864,"isPrivate":false,"settingStoreCookies":true,"settingSendCookies":true,"settingDisableRenderRequestBody":false,"settingEncodeUrl":true,"settingRebuildPath":true,"settingFollowRedirects":"global","_type":"request"},{"_id":"fld_21227c94f0fe4276ab5be1bca2dba888","parentId":"wrk_7837aaf8fa9444ed8d18fd9e78afa15c","modified":1647730520597,"created":1647730520597,"name":"token","description":"","environment":{},"environmentPropertyOrder":null,"metaSortKey":-1647730520597,"_type":"request_group"},{"_id":"req_68473dc8a95f4994b3675ebf0f11d290","parentId":"fld_21227c94f0fe4276ab5be1bca2dba888","modified":1656452609344,"created":1647730525244,"url":"{{ _.url }}/tokens","name":"store","description":"","method":"POST","body":{"mimeType":"application/json","text":"{\n\t\"name\": \"Promo Code\",\n\t\"code\": \"B4603567E830\",\n\t\"is_lifetime\": false,\n\t\"expired_at\": \"{% randomdate 'custom', 'future', '', 365 %}\"\n}"},"parameters":[{"id":"pair_840bc6cab22c434bb6a79b851ca6019f","name":"","value":"","description":""}],"headers":[{"name":"Content-Type","value":"application/json","id":"pair_7cadc6649d554178b8745f36766bfff3"}],"authentication":{},"metaSortKey":-1647730525244,"isPrivate":false,"settingStoreCookies":true,"settingSendCookies":true,"settingDisableRenderRequestBody":false,"settingEncodeUrl":true,"settingRebuildPath":true,"settingFollowRedirects":"global","_type":"request"},{"_id":"req_4864f9fbd951426c911a2045748a740e","parentId":"fld_21227c94f0fe4276ab5be1bca2dba888","modified":1649069080514,"created":1647757971384,"url":"{{ _.url }}/tokens/generate","name":"generate","description":"","method":"GET","body":{},"parameters":[{"id":"pair_6bcba22892574b19b1d7e082fd6227a0","name":"size","value":"6","description":""},{"id":"pair_f548297e33554906a36d89d52ed98778","name":"amount","value":"10","description":""}],"headers":[],"authentication":{},"metaSortKey":-1647730525194,"isPrivate":false,"settingStoreCookies":true,"settingSendCookies":true,"settingDisableRenderRequestBody":false,"settingEncodeUrl":true,"settingRebuildPath":true,"settingFollowRedirects":"global","_type":"request"},{"_id":"req_5745dbe729d04314813fe163ce783280","parentId":"fld_21227c94f0fe4276ab5be1bca2dba888","modified":1656452614813,"created":1647929292397,"url":"{{ _.url }}/tokens/validate/B4603567E830","name":"validate","description":"","method":"GET","body":{},"parameters":[],"headers":[],"authentication":{},"metaSortKey":-1647701782821.5,"isPrivate":false,"settingStoreCookies":true,"settingSendCookies":true,"settingDisableRenderRequestBody":false,"settingEncodeUrl":true,"settingRebuildPath":true,"settingFollowRedirects":"global","_type":"request"},{"_id":"req_f32722a794be476daabcec15bcfbe0c1","parentId":"fld_873ccee59ace47238123b6e7f6d8f4df","modified":1656273781847,"created":1655366332818,"url":"{{ _.url }}/users","name":"list","description":"","method":"GET","body":{},"parameters":[{"id":"pair_1287725ac68b4f2e95bf48f6c00a7f2b","name":"page","value":"1","description":""},{"id":"pair_980a322b033c4371924d41b7dc50a18c","name":"per_page","value":"10","description":""},{"id":"pair_69ca7c2f867f48eeba1a37e5d7d86c74","name":"search","value":"","description":"","disabled":false}],"headers":[],"authentication":{},"metaSortKey":-1647673040499,"isPrivate":false,"settingStoreCookies":true,"settingSendCookies":true,"settingDisableRenderRequestBody":false,"settingEncodeUrl":true,"settingRebuildPath":true,"settingFollowRedirects":"global","_type":"request"},{"_id":"fld_873ccee59ace47238123b6e7f6d8f4df","parentId":"wrk_7837aaf8fa9444ed8d18fd9e78afa15c","modified":1647673029631,"created":1647673029631,"name":"user","description":"","environment":{},"environmentPropertyOrder":null,"metaSortKey":-1647673029631,"_type":"request_group"},{"_id":"req_01ec6d0300684de887d78c3241fbc186","parentId":"fld_873ccee59ace47238123b6e7f6d8f4df","modified":1656452617066,"created":1647673040449,"url":"{{ _.url }}/users","name":"store","description":"","method":"POST","body":{"mimeType":"application/json","text":"{\n\t\"name\": \"Gabriel Maia\",\n\t\"email\": \"gabriel.maia1@yazo.com.br\",\n\t\"code\": \"B4603567E830\",\n\t\"birth_date\": \"2022-12-18\",\n\t\"daily_workload\": \"40\",\n\t\"retirement\": \"100\"\n}"},"parameters":[],"headers":[{"name":"Content-Type","value":"application/json","id":"pair_31c19cf7bc7c475bbf6eeba2b14332e7"}],"authentication":{},"metaSortKey":-1647673040449,"isPrivate":false,"settingStoreCookies":true,"settingSendCookies":true,"settingDisableRenderRequestBody":false,"settingEncodeUrl":true,"settingRebuildPath":true,"settingFollowRedirects":"global","_type":"request"},{"_id":"req_4524efdffeab46bd8b2fe83d74912a89","parentId":"fld_873ccee59ace47238123b6e7f6d8f4df","modified":1656285972930,"created":1655461304098,"url":"{{ _.url }}/users/8d1b13ba-79c0-4747-a8d8-5e96cc643328","name":"edit","description":"","method":"PUT","body":{"mimeType":"application/json","text":"{\n\t\"birth_date\": \"2022-12-18\",\n\t\"daily_workload\": \"40\",\n\t\"retirement\": \"100\"\n}"},"parameters":[],"headers":[{"name":"Content-Type","value":"application/json","id":"pair_31c19cf7bc7c475bbf6eeba2b14332e7"}],"authentication":{},"metaSortKey":-1647478575331.5,"isPrivate":false,"settingStoreCookies":true,"settingSendCookies":true,"settingDisableRenderRequestBody":false,"settingEncodeUrl":true,"settingRebuildPath":true,"settingFollowRedirects":"global","_type":"request"},{"_id":"req_9277f2ffa3ac4169b1f564636a6114f6","parentId":"fld_e956ef0fbf34423c947f1ca93f654f48","modified":1656383222569,"created":1656270609714,"url":"{{ _.url }}/users/reports/impulsores","name":"impulsores","description":"","method":"GET","body":{},"parameters":[{"id":"pair_1238a153acc2467ab2c1feac84ea9790","name":"user_id","value":"522fb752-4aef-40fb-979e-d18024153be5","description":""}],"headers":[],"authentication":{},"metaSortKey":-1656270609714,"isPrivate":false,"settingStoreCookies":true,"settingSendCookies":true,"settingDisableRenderRequestBody":false,"settingEncodeUrl":true,"settingRebuildPath":true,"settingFollowRedirects":"global","_type":"request"},{"_id":"fld_e956ef0fbf34423c947f1ca93f654f48","parentId":"wrk_7837aaf8fa9444ed8d18fd9e78afa15c","modified":1656284477485,"created":1656284475240,"name":"reports","description":"","environment":{},"environmentPropertyOrder":null,"metaSortKey":-1647673029606,"_type":"request_group"},{"_id":"req_b17538a0128f45908dbf269309073994","parentId":"fld_e956ef0fbf34423c947f1ca93f654f48","modified":1656383228594,"created":1656380366473,"url":"{{ _.url }}/users/reports/motivadores","name":"motivadores","description":"","method":"GET","body":{},"parameters":[{"id":"pair_1238a153acc2467ab2c1feac84ea9790","name":"user_id","value":"522fb752-4aef-40fb-979e-d18024153be5","description":""}],"headers":[],"authentication":{},"metaSortKey":-1656179478329,"isPrivate":false,"settingStoreCookies":true,"settingSendCookies":true,"settingDisableRenderRequestBody":false,"settingEncodeUrl":true,"settingRebuildPath":true,"settingFollowRedirects":"global","_type":"request"},{"_id":"req_a0604e36ad0a42d3b1b1931a4968b1f5","parentId":"fld_e956ef0fbf34423c947f1ca93f654f48","modified":1656459102822,"created":1656452566417,"url":"{{ _.url }}/users/reports/assertividade","name":"assertividade","description":"","method":"GET","body":{},"parameters":[{"id":"pair_1238a153acc2467ab2c1feac84ea9790","name":"user_id","value":"2ad2ee4a-1379-4b09-8f7d-b35234611f69","description":""}],"headers":[],"authentication":{},"metaSortKey":-1656133912636.5,"isPrivate":false,"settingStoreCookies":true,"settingSendCookies":true,"settingDisableRenderRequestBody":false,"settingEncodeUrl":true,"settingRebuildPath":true,"settingFollowRedirects":"global","_type":"request"},{"_id":"req_b81b298901cb4d5fbed66105b913fb23","parentId":"fld_0549d515c96a4a49a391780a501a641e","modified":1656030133265,"created":1656030110036,"url":"{{ _.url }}/mailer/send","name":"send","description":"","method":"GET","body":{},"parameters":[],"headers":[],"authentication":{},"metaSortKey":-1656030110036,"isPrivate":false,"settingStoreCookies":true,"settingSendCookies":true,"settingDisableRenderRequestBody":false,"settingEncodeUrl":true,"settingRebuildPath":true,"settingFollowRedirects":"global","_type":"request"},{"_id":"fld_0549d515c96a4a49a391780a501a641e","parentId":"wrk_7837aaf8fa9444ed8d18fd9e78afa15c","modified":1656030108447,"created":1656030105024,"name":"mailer","description":"","environment":{},"environmentPropertyOrder":null,"metaSortKey":-1647673029581,"_type":"request_group"},{"_id":"env_72f86ffb0cee3cdd48c7fe9d707994403f7f16c6","parentId":"wrk_7837aaf8fa9444ed8d18fd9e78afa15c","modified":1649715864447,"created":1647662828206,"name":"Base Environment","data":{"url":"http://0.0.0.0:3333"},"dataPropertyOrder":{"&":["url"]},"color":null,"isPrivate":false,"metaSortKey":1647662828206,"_type":"environment"},{"_id":"jar_72f86ffb0cee3cdd48c7fe9d707994403f7f16c6","parentId":"wrk_7837aaf8fa9444ed8d18fd9e78afa15c","modified":1647662828207,"created":1647662828207,"name":"Default Jar","cookies":[],"_type":"cookie_jar"},{"_id":"spc_e9238e02d3484af8b65889c60c89df09","parentId":"wrk_7837aaf8fa9444ed8d18fd9e78afa15c","modified":1647662828203,"created":1647662828203,"fileName":"mindset-tkc-api","contents":"","contentType":"yaml","_type":"api_spec"},{"_id":"env_4edb6d9527f24e219dae5ada0e3aecc7","parentId":"env_72f86ffb0cee3cdd48c7fe9d707994403f7f16c6","modified":1656365655639,"created":1648204247619,"name":"development","data":{"url":"http://0.0.0.0:3333"},"dataPropertyOrder":{"&":["url"]},"color":"#fbf30e","isPrivate":false,"metaSortKey":1648204247619,"_type":"environment"},{"_id":"env_5c34031674214c35b351e143de9dfcbf","parentId":"env_72f86ffb0cee3cdd48c7fe9d707994403f7f16c6","modified":1656454156832,"created":1649068613086,"name":"server","data":{"url":"https://mindset-api.mrootx.xyz"},"dataPropertyOrder":{"&":["url"]},"color":"#b725cb","isPrivate":false,"metaSortKey":1649068613086,"_type":"environment"},{"_id":"env_cf2295e7eb774d6693c1f0c2b6d2d785","parentId":"env_72f86ffb0cee3cdd48c7fe9d707994403f7f16c6","modified":1655463052935,"created":1649715866584,"name":"docker","data":{"url":"http://localhost:8080"},"dataPropertyOrder":{"&":["url"]},"color":"#102c9e","isPrivate":false,"metaSortKey":1649715866584,"_type":"environment"}]}